{"cameraMode":{"drawMode":0,"name":"Shaded","section":"Shading Mode"},"sceneLighting":true,"audioPlay":false,"sceneViewState":{"showFog":true,"showMaterialUpdate":false,"showSkybox":true,"showFlares":true,"showImageEffects":true,"showParticleSystems":true},"in2DMode":false,"pivot":{"x":19.428024291992189,"y":-4.252175331115723,"z":10.596447944641114},"rotation":{"x":0.22835026681423188,"y":0.41328948736190798,"z":-0.1078811064362526,"w":0.8749067783355713},"size":18.225332260131837,"orthographic":false}