{"cameraMode":{"drawMode":0,"name":"Shaded","section":"Shading Mode"},"sceneLighting":false,"audioPlay":false,"sceneViewState":{"showFog":true,"showMaterialUpdate":false,"showSkybox":false,"showFlares":true,"showImageEffects":true,"showParticleSystems":true},"in2DMode":false,"pivot":{"x":-0.8610880374908447,"y":1.8010677099227906,"z":-2.4071342945098879},"rotation":{"x":-0.021251561120152475,"y":0.9743507504463196,"z":-0.10446815937757492,"w":-0.19822044670581819},"size":5.964972496032715,"orthographic":false}