{"cameraMode":{"drawMode":0,"name":"Shaded","section":"Shading Mode"},"sceneLighting":false,"audioPlay":false,"sceneViewState":{"showFog":true,"showMaterialUpdate":false,"showSkybox":false,"showFlares":true,"showImageEffects":true,"showParticleSystems":true},"in2DMode":false,"pivot":{"x":12.324236869812012,"y":1.1209101676940919,"z":3.5342750549316408},"rotation":{"x":0.027383863925933839,"y":0.9583634734153748,"z":-0.09839428961277008,"w":0.26676714420318606},"size":3.4571733474731447,"orthographic":false}