{"cameraMode":{"drawMode":0,"name":"Shaded","section":"Shading Mode"},"sceneLighting":false,"audioPlay":false,"sceneViewState":{"showFog":true,"showMaterialUpdate":false,"showSkybox":false,"showFlares":true,"showImageEffects":true,"showParticleSystems":true},"in2DMode":false,"pivot":{"x":-0.9900608062744141,"y":1.644152045249939,"z":-2.3107011318206789},"rotation":{"x":-0.02551100216805935,"y":0.9700911641120911,"z":-0.11727825552225113,"w":-0.21103054285049439},"size":5.964972496032715,"orthographic":false}