{"cameraMode":{"drawMode":0,"name":"Shaded","section":"Shading Mode"},"sceneLighting":false,"audioPlay":false,"sceneViewState":{"showFog":true,"showMaterialUpdate":false,"showSkybox":true,"showFlares":true,"showImageEffects":true,"showParticleSystems":true},"in2DMode":false,"pivot":{"x":1.6034674644470215,"y":2.18068265914917,"z":1.4644241333007813},"rotation":{"x":-0.0815233662724495,"y":0.8293595910072327,"z":-0.12560908496379853,"w":-0.5382874011993408},"size":5.964972019195557,"orthographic":false}