{"cameraMode":{"drawMode":0,"name":"Shaded","section":"Shading Mode"},"sceneLighting":true,"audioPlay":false,"sceneViewState":{"showFog":true,"showMaterialUpdate":false,"showSkybox":true,"showFlares":true,"showImageEffects":true,"showParticleSystems":true},"in2DMode":false,"pivot":{"x":0.08155536651611328,"y":-3.3137869834899904,"z":15.061759948730469},"rotation":{"x":-0.1690683811903,"y":0.21970324218273164,"z":-0.03868037089705467,"w":-0.960080623626709},"size":17.40519142150879,"orthographic":false}